time,id
15:24:40:527,osvzifkxehqnnftg08rq
15:24:41:216,tw62fovfd88ss3h0rbpvy
15:24:42:508,b7ytk4lsca9nd842fzxkd
15:24:43:638,whgufg4rjqs6bl3r01j
15:24:44:934,6ierjc2mscgn0xo49jqtmr
15:24:45:938,av8gfgx3rh9slie3eq04ek
15:24:46:638,kn4hv2h9v3qzghpewasipb
15:24:47:946,inmlbiuo2wdjhei1s4qdr9
15:24:48:631,onu4pafknq28d1p8i60bg
15:24:49:939,arysvwuffuo1fclmmrjcp
15:24:50:632,d5p05qox21t5pl4hj7zomu
15:24:52:198,ve42unss17b1c4tyh77xiu
15:24:52:639,q665vsq4ua8r8ophj31xi
15:24:53:943,8h9gr6v3sgb1j3fjhm6037
15:24:54:633,qh8s3bgzv2bx7rzrtmhw2
15:24:55:940,wdnqtitalw3ppw2njm8h8
15:24:56:636,w9k2i1rjd1ihzpj9xgcv2
15:24:58:193,0aqltelkdg3punr3pun1ijh
15:24:58:642,gyebreusjio5hsddhwewq
15:24:59:932,hin1yn4nck8t95isyvrlg
15:25:00:676,7oyp4xibk20ow978vqkv0k
15:25:01:945,7sxtnt307l7amo7gg566vd
15:25:02:632,u0mpirj1wmcumzvc4aa2w8
15:25:04:191,dfuoiwz8zf7fvboy0mrce
15:25:04:635,llut04k4bv0f0zi47oxlk7
15:25:05:940,dht7h7abt4w4543z7chr
15:25:06:631,ysj7bnfshlc3t6zchaf6k6
15:25:07:934,ho8k4ch4u276bxh6jwoye
15:25:08:633,t2va4zaw0upcsgytbrp48v
15:25:10:187,lihoaztggko9w7re6domrd
15:25:10:629,beglhta238b6ggjvgqple
15:25:11:932,xtcoljld1bb79t7iofbbw
15:25:12:628,dit7ym1o3ljbpephd1wnrr
15:25:13:933,2oeijgby1i5yzl6x5o5mf
15:25:14:639,lb4yn6ze8sovmzjzbymee
15:25:16:182,8mz96r6ze33btsfyjhao6n
15:25:16:629,4pa8pco6vdq1g6b5ye0dqy
15:25:17:937,jcp0i7cqbv6elv7z8wlk6
15:25:18:640,bxvn5kbk7stchy94sg6np4
15:25:19:934,jcqdql77de08tso0cv50yn
15:25:20:634,cbojilzj1eihsa5jstw1qq
15:25:22:183,uo1vexdd5bi64lvzc0ifj4
15:25:22:626,0rm3cs784i340dbvauunfp
15:25:23:930,yved8l2shzpa5cudog5gva
15:25:24:637,usf9hs0gis8k41vzothl7
15:25:25:939,tr7bwwacp1pwtrb5hbmmx
15:25:26:636,64ns5qo6sxi58jlky1n02f
15:25:28:190,kenz08shdka3rwxj64jws
15:25:28:633,m7eprzb4xxaty21mykntoc
15:25:29:937,opgxcduc5vdrfxsubsgdur
15:25:30:629,b1zkrzevig4v5x6gxhuh6
15:25:31:931,tnd0calhl21ixvh378c7
15:25:32:636,tew1tjeyau8jwuv1rb3nk
15:25:34:178,wa2z97r3lxneqeo1tal2b
15:25:34:639,7190j6hbbuvryecsxeru1
15:25:35:931,4mrwy28vcamskftc134qj
15:25:36:633,wsf41zvtz6jokdktumozv
15:25:37:937,recnok9fowc71vhrphwky9
15:25:38:635,9oyz1ir027n72hlg3ch8q9
15:25:40:181,2ytq108mkyxe30fkea3kwv
15:25:40:632,y8swq40t0hk0m5www102qk
15:25:41:929,q8z85udl5b9f31sravs70r
15:25:42:635,u20v88fv4s9nbidyhies2d
15:25:43:940,klwdi1azfmny8pu5czyct
15:25:44:636,yulvm2heknqme5spk6r4c
15:25:46:184,6c389coxy6qh32lml3nkd
15:25:46:630,r18t4vbp65bx808pc397tk
15:25:47:938,ajaji4jm7dy5074ys0tg
15:25:48:636,z80sk0356eoeznmi9s245
15:25:49:931,e1r2gmgoqw67wtpdil6enr
15:25:50:624,c7watjjr5tv2owf51xb016
15:25:52:180,shgq9gn80crztqc9nm2va
15:25:52:633,wmoa0z0dfgqozibd9b1h7
15:25:53:933,o8f5mulbujqg2jsmx20p
15:25:54:628,45vw3puyunucxhb02nxoo
15:25:55:935,y7uf5x4mtvgvb1hpk643
15:25:56:628,cjzzvhbe438sdg1uv1kueq
15:25:58:202,m7h0menoe4dzsmpymtay5
15:25:58:632,o5t1s0n41pf31o15ks42bn
15:25:59:941,sw5c3qwis0fe5g2mb19c2i
15:26:00:624,evha9ygxjq9e3hy3v3gx8s
15:26:01:932,6b9qu0r4qlvxtdupt3ed
15:26:02:632,59sstht2186j9y7tumyy8
15:26:04:182,6o14yojnorautakdtdlth9
15:26:04:628,golcltk9garb0189son8xh
15:26:05:941,1kn68kj6nwqjppkylxt3h
15:26:06:634,hwg401lw3va7odzosjnxc
15:26:07:927,putqpqvzmoq4kyji161qll
15:26:08:628,1mr7lvi729lh7brjua2ci8
15:26:10:185,k0x66vn76pq26nfjjdpds
15:26:10:632,a68gu3d60172qgi3gwj35e
15:26:11:944,bts7e3nzrtieohny2th40f
15:26:12:629,ao9ml6435580k21cc2iywic
15:26:13:935,prt5t095c0cbhgfxutdpy
15:26:14:623,5myfffo523l2wp9j3x582j
15:26:16:180,pw3ufrayiocjlw8amduum
15:26:16:634,xrxq6ku7ia3g814ael4g6
15:26:17:935,pslh13r4fsbo66pkusvlak
15:26:18:635,wjp73qod3ssqsjcoioc3g
15:26:19:945,ejouji2t8barv3row637e
15:26:20:634,dm5nmllh6qh9sdbg333jxa
15:26:22:183,v54zzsueslecgux25o5f5p
15:26:22:628,894794ibdlc0fwyjg20comh
15:26:23:930,4t4vp5mfeneaqh57ieqet
15:26:24:638,b0vccbby2blwjnutxwn5tn
15:26:25:940,nzhxswcq8amb6sudyppb27
15:26:26:628,n74wsl7pp8t9o2mgdufmd
15:26:28:183,ugchw9q85yl9gces3tfl
15:26:28:637,orhepfppelfkpgwtclka9k
15:26:29:935,09xp5fm30eafyw9p7hji79h
15:26:30:629,f4o6ocsly5l0h967qkm0e
15:26:31:939,gh3jnp0fp1jdmtw5t09m3d
15:26:32:632,2vxk4dowkfnamjk82vfa1
15:26:34:187,caj6o3rpunnvr0ul5vcp2
15:26:34:641,fq6tzhchlsmmvmoyim087e
15:26:35:938,anowrb69ti8726pithn8xs
15:26:36:634,wrmvmbi8sni0if4hssitd5v
15:26:37:932,jimmq6xktu817bf7wm99o7
15:26:38:640,2m9pb59gssvvi7r3ytfgg
15:26:40:183,hfkqupzzhuivjvxzv18rl
15:26:40:629,q397sgidgnfi29lluw7ek
15:26:41:935,27jznngc7t8zm6vqk3ft5
15:26:42:644,uauvketc05i3f2xibob5d
15:26:43:934,wafq3tm6y3sod7t0c4kb5
15:26:44:629,7y37o7mpejjbe4aoqwwx
15:26:46:184,q6urt1qi5o40b46e8mdry
15:26:46:631,jbnmwc7wn2g4p0o77rqy3p
15:26:47:934,2i0ukf2e1drsq6cyjtffes
15:26:48:630,8qt7cgww7ix4rxlvvjb2bb
15:26:49:932,i87k4h82q574tv4o7e00j
15:26:50:629,ckcadsv7p56wt6mvf3963
15:26:52:193,2uda5wecbfhmtyn5rerrw
15:26:52:634,5q3drzly25a9jjwxshthfw
15:26:53:931,zeswbtlz8p9q08yqqd00s
15:26:54:636,x2hg3h1f0mcnj1nxxm17ek
15:26:55:940,d441b9ueetnffi8pv3sac
15:26:56:632,p5tjyrqoyml7nv9ts4qgf7
15:26:58:190,36bh7tgu5d5j21lca4bkyh
15:26:58:634,say8wd6owlapnqtux87ak
15:26:59:938,qbtgt13gnbnea7rix5stsq
15:27:00:631,7sxzna718qqb74xgg2b3i
15:27:01:940,67gnytnlpxifj80tre981f
15:27:02:631,tept2ky0jgf851t2car6ze
15:27:04:195,spyoloz4hkhu9xvtp9fzd
15:27:04:634,mxymoc567asz03jfixuv3q
15:27:05:941,ldvrb7x6v4mk9z77tq8lrs
15:27:06:628,taem82p3wjcqczf45vbo6
15:27:07:932,yjbpwj8eu81pgmrnot2d4
15:27:08:636,zo2us0s73mki0bfz09nv
15:27:10:189,bhlktghewz5hong5qthern
15:27:10:638,36ifmqim95wx11kcybeqrl
15:27:11:937,c6t2ju15nf68vgth63cx1a
15:27:12:637,yt3877mgkvnhmlnr9fwxlt
15:27:13:931,37iq6io9fiel74qae3bpad
15:27:14:636,tzmksdirnwmzdsup1s5rqr
15:27:16:189,o0azvsq1j1byiy86nt7dxl
15:27:16:633,cd2se0hkmcueyc0qegnv8
15:27:17:935,u9o7vhrjyjgrn72382z4e
15:27:18:631,3w7m3iozu8dyiurk6124h
15:27:19:934,9o8wcb7uwi541veyto03n5
15:27:20:630,ux354tzfqrmh537prx4jo
15:27:22:186,o2csrh9o3hpgmzz878ktl
15:27:22:639,t2ta4bm10gasvw76p1m8vt
15:27:23:933,texj8g7ahfjjdizb8mm6ec
15:27:24:635,xl3cphqg8al4vmbrhflu4l
15:27:25:937,0kpnms96jg4x0cbsk609cs
15:27:26:624,o5ezay8rqa4ino1bt6z7k
15:27:28:191,7yndccnw1uyfz9jyp7y5d
15:27:28:639,qkor0c2b5vsdp96c7mspw
15:27:29:931,4rdfwce1l8p8ceiek8s1p9
15:27:30:626,8997j618ovpmaaob4tjri
15:27:31:938,hmlo7d8eypifbv6lwoypjn
15:27:32:629,9sfq17tw3bc4j3q7wyjs4n
15:27:34:192,i0h4oas0e239lwgd2pvll
15:27:34:631,wuc1y8zjf6h9xst4q6dwa
15:27:35:936,zc73hkggd1bf55suz9058
15:27:36:634,i3glvefhho1wqto07dyph
15:27:37:940,jca3djwvxs2qilq11yxtx
15:27:38:644,csl3lnyewznzii2yq0fpba
15:27:40:191,d0q6cip1oyb3m89wltjbeb
15:27:40:629,fpcn0tricnq9cd716ct6e
15:27:41:939,dep3ohqtjcivtsdmxxx4qp
15:27:42:636,0mztk2fdazv0hynu3dyp17
15:27:43:942,4nk45l48pkx44jvlc5qs3b
15:27:44:634,5f6uxpn2j2avutvoz1rfi
15:27:46:197,1tjkvyr0pzlhmac7rz593yq
15:27:46:636,7rr9uxhdm9icsaof36o18o
15:27:47:929,7ffgz9k8dlgth24qa7p6s
15:27:48:650,ddkk2kwngxs2rz4zsrihk
15:27:49:940,srugzpfmgfpmae4zvz3el
15:27:50:638,fzir2zbvnwlidf2wet27ke
15:27:52:184,3wcy97jal282sqwn6vw8bk
15:27:52:642,6ga1k3in72noono383n09e
15:27:53:941,jh2b66jtv9onjf9033xkg
15:27:54:628,yo8ky8dl78la5a1r3picxh
15:27:55:936,8ba8dk78jyjekrpvxv863
15:27:56:628,4g13dfykmgqo83vr0z0aki
15:27:58:182,47zwiiy5jewb6bzhz4ug0m
15:27:58:636,7m6cnh9ewkli3avz4nbfl
15:27:59:938,ocb7xkqlskovowrfzwtvh

